"Id";"Designator";"Package";"Quantity";"Designation";"Supplier and ref";
1;"J5";"PinHeader_1x04_P2.54mm_Horizontal_2";1;"LED/OLED";;;
2;"SW7";"SW_E-Switch_EG1271_DPDT";1;"AMP_ON_OFF";;;
3;"J9";"Audio Jack 3.5 PCB";1;"Audio_OUT";;;
4;"U2";"SD_Kyocera_145638109511859+";1;"SD_Card";;;
5;"J4";"PinHeader_1x06_P2.54mm_Horizontal";1;"ICSP";;;
6;"R9";"R_Axial_DIN0207_L6.3mm_D2.5mm_P10.16mm_Horizontal";1;"1K2";;;
7;"J8";"PinHeader_2x03_P2.54mm_Vertical";1;"GAIN_SEL";;;
8;"R8";"R_Axial_DIN0207_L6.3mm_D2.5mm_P10.16mm_Horizontal";1;"1K";;;
9;"C7";"C_Rect_L7.2mm_W2.5mm_P5.00mm_FKS2_FKP2_MKS2_MKP2";1;"10nF";;;
10;"C6,C4,C5";"C_Rect_L7.2mm_W2.5mm_P5.00mm_FKS2_FKP2_MKS2_MKP2";3;"100nF";;;
11;"HOLE5,HOLE4,HOLE3,HOLE2,HOLE1";"MountingHole_3.2mm_M3_Pad_Via";5;"MountingHole_3.2mm_M3_Pad_Via";;;
12;"SW10";"SW_DIP_SPSTx04_Slide_9.78x12.34mm_W7.62mm_P2.54mm";1;"SEL_SCL_SDA";;;
13;"SW8";"SW_ON_ON_SPDT_TH";1;"SW_RST_A5";;;
14;"J3";"Jack_2.5mm_Mono_Horizontal_Mini";1;"Remote";;;
15;"C1";"CP_Radial_D6.3mm_P2.50mm";1;"10uF";;;
16;"U1";"Arduino_Mega2560Pro_Embed";1;"Arduino Mega2560Pro Embed";;;
17;"U3";"DIP-8_W7.62mm_LongPads";1;"LM386";;;
18;"SW9";"SW_DIP_SPSTx04_Slide_9.78x12.34mm_W7.62mm_P2.54mm";1;"SEL_5V_GND";;;
19;"SW6";"SW_PUSH_6mm";1;"SW_RST_A5";;;
20;"SW5";"SW_PUSH_6mm";1;"SW_MENU";;;
21;"SW4";"SW_PUSH_6mm";1;"SW_STOP";;;
22;"SW3";"SW_PUSH_6mm";1;"SW_PLAY/PAUSE";;;
23;"SW2";"SW_PUSH_6mm";1;"SW_DOWN";;;
24;"SW1";"SW_PUSH_6mm";1;"SW_UP";;;
25;"RV1";"Potentiometer_Piher_PT-6-V_Vertical";1;"10K";;;
26;"R7";"R_Axial_DIN0207_L6.3mm_D2.5mm_P10.16mm_Horizontal";1;"10R";;;
27;"R6,R5,R4";"R_Axial_DIN0207_L6.3mm_D2.5mm_P10.16mm_Horizontal";3;"3K3";;;
28;"R3,R2,R1";"R_Axial_DIN0207_L6.3mm_D2.5mm_P10.16mm_Horizontal";3;"1K8";;;
29;"J1";"BarrelJack_Horizontal";1;"External Power";;;
30;"C2";"C_Rect_L7.2mm_W2.5mm_P5.00mm_FKS2_FKP2_MKS2_MKP2";1;"47nF";;;
31;"C3";"CP_Radial_D8.0mm_P3.50mm";1;"220uF";;;
