Ref,Val,Package,PosX,PosY,Rot,Side
"C1","100nf","C_0805_2012Metric_Pad1.18x1.45mm_HandSolder",192.750000,-154.375000,0.000000,bottom
"C2","100nF","C_0805_2012Metric_Pad1.18x1.45mm_HandSolder",185.925000,-155.175000,90.000000,bottom
"C3","10nf","C_0805_2012Metric_Pad1.18x1.45mm_HandSolder",192.850000,-160.950000,180.000000,bottom
"C5","47nF","C_0805_2012Metric_Pad1.18x1.45mm_HandSolder",192.800000,-142.700000,180.000000,bottom
"C6","100nf","C_0805_2012Metric_Pad1.18x1.45mm_HandSolder",182.475000,-155.100000,90.000000,bottom
"C7","100nF","C_0805_2012Metric_Pad1.18x1.45mm_HandSolder",177.625000,-155.475000,90.000000,bottom
"C8","10nf","C_0805_2012Metric_Pad1.18x1.45mm_HandSolder",192.825000,-151.050000,0.000000,bottom
"C9","47nF","C_0805_2012Metric_Pad1.18x1.45mm_HandSolder",186.425000,-164.225000,90.000000,bottom
"C11","100nF","C_0805_2012Metric_Pad1.18x1.45mm_HandSolder",174.725000,-124.400000,180.000000,bottom
"C12","100nF","C_0805_2012Metric_Pad1.18x1.45mm_HandSolder",161.175000,-124.350000,180.000000,bottom
"C14","100nF","C_0805_2012Metric_Pad1.18x1.45mm_HandSolder",185.760000,-110.680000,0.000000,bottom
"R1","220R","R_0805_2012Metric_Pad1.20x1.40mm_HandSolder",121.500000,-129.000000,0.000000,bottom
"R2","220R","R_0805_2012Metric_Pad1.20x1.40mm_HandSolder",121.500000,-132.250000,0.000000,bottom
"R4","1K","R_0805_2012Metric_Pad1.20x1.40mm_HandSolder",192.850000,-157.775000,0.000000,bottom
"R5","10R","R_0805_2012Metric_Pad1.20x1.40mm_HandSolder",192.800000,-145.925000,0.000000,bottom
"R6","220R","R_0805_2012Metric_Pad1.20x1.40mm_HandSolder",121.500000,-135.500000,0.000000,bottom
"R7","1K","R_0805_2012Metric_Pad1.20x1.40mm_HandSolder",174.450000,-155.475000,-90.000000,bottom
"R8","10R","R_0805_2012Metric_Pad1.20x1.40mm_HandSolder",182.400000,-164.225000,-90.000000,bottom
"R9","220R","R_0805_2012Metric_Pad1.20x1.40mm_HandSolder",121.500000,-138.750000,180.000000,bottom
"U2","TXB0104DR","SOIC-14_3.9x8.7mm_P1.27mm",167.800000,-120.575000,0.000000,bottom
"U4","LM386","SOIC-8_3.9x4.9mm_P1.27mm",186.800000,-149.500000,0.000000,bottom
"U5","LM386","SOIC-8_3.9x4.9mm_P1.27mm",178.000000,-149.500000,0.000000,bottom
"BUZZ1","10K","Potentiometer_Piher_PT-6-V_Vertical",181.000000,-143.000000,90.000000,top
"BZ1","Buzzer","Buzzer_12x9.5RM7.6",185.700000,-128.800000,180.000000,top
"C4","220uF","CP_Elec_6.3x7.7",186.500000,-159.000000,90.000000,top
"C10","220uF","CP_Elec_6.3x7.7",178.500000,-159.000000,90.000000,top
"D1","5VR","LED_D3.0mm",125.000000,-123.000000,180.000000,top
"D2","AMPY","LED_D3.0mm",131.000000,-123.000000,180.000000,top
"D3","BUZY","LED_D3.0mm",137.000000,-123.000000,180.000000,top
"D4","DATA","LED_D3.0mm",143.000000,-123.000000,180.000000,top
"J2","Remote2","Jack_2.5mm_Mono_Horizontal_Mini",157.000000,-100.000000,0.000000,top
"J3","LR_REM_SEL","PinHeader_2x04_P2.54mm_Vertical",149.500000,-124.650000,90.000000,top
"J5","LED_OLED","PinHeader_1x04_P2.54mm_Vertical",164.000000,-109.250000,90.000000,top
"J7","Audio_OUT","Audio Jack 3.5 PCB",132.500000,-104.000000,0.000000,top
"J8","Remote","Audio Jack 3.5 PCB",146.500000,-104.000000,0.000000,top
"SW1","UP","SW_PUSH_6mm",129.000000,-168.000000,0.000000,top
"SW2","DOWN","SW_PUSH_6mm",140.000000,-168.000000,0.000000,top
"SW3","PLAY/PAUSE","SW_PUSH_6mm",151.000000,-168.000000,0.000000,top
"SW4","STOP","SW_PUSH_6mm",162.000000,-168.000000,0.000000,top
"SW5","MENU","SW_PUSH_6mm",173.000000,-168.000000,0.000000,top
"SW6","RST_A5","SW_PUSH_6mm",184.000000,-168.000000,0.000000,top
"SW7","RST_A5","SW_Slide_SPDT_Angled_CK_OS102011MA1Q",198.000000,-153.500000,90.000000,top
"SW8","BUZZER","SW_Slide_SPDT_Angled_CK_OS102011MA1Q",198.000000,-141.500000,90.000000,top
"SW9","AMP_ON_OFF","SW_CK_JS202011AQN_DPDT_Angled",197.000000,-131.000000,90.000000,top
"U1","Arduino_Mega2560Pro_Embed","Arduino_Mega2560Pro_Embed",145.000000,-147.000000,0.000000,top
"U3","microSD","microSD_HC_Molex_104031-0811",184.500000,-112.650000,0.000000,top
"VOL1","10K","Potentiometer_Piher_PT-6-V_Vertical",189.350000,-143.000000,90.000000,top
