Ref,Val,Package,PosX,PosY,Rot,Side
"C1","100nF","C_0805_2012Metric_Pad1.18x1.45mm_HandSolder",176.000500,-125.984000,180.000000,bottom
"C2","100nF","C_0805_2012Metric_Pad1.18x1.45mm_HandSolder",161.544000,-124.206000,180.000000,bottom
"C3","100nF","C_0805_2012Metric_Pad1.18x1.45mm_HandSolder",174.476500,-116.586000,0.000000,bottom
"C4","10uF","C_0805_2012Metric_Pad1.18x1.45mm_HandSolder",193.040000,-164.338000,-90.000000,bottom
"C5","10uF","C_0805_2012Metric_Pad1.18x1.45mm_HandSolder",181.102000,-164.338000,-90.000000,bottom
"C7","100nF","C_0805_2012Metric_Pad1.18x1.45mm_HandSolder",186.182000,-127.000000,180.000000,bottom
"C8","47nF","C_0805_2012Metric_Pad1.18x1.45mm_HandSolder",196.596000,-159.787500,-90.000000,bottom
"C11","47nF","C_0805_2012Metric_Pad1.18x1.45mm_HandSolder",184.658000,-159.787500,-90.000000,bottom
"R1","1K","R_0805_2012Metric_Pad1.20x1.40mm_HandSolder",122.936000,-129.032000,90.000000,bottom
"R2","380R","R_0805_2012Metric_Pad1.20x1.40mm_HandSolder",126.238000,-129.016000,90.000000,bottom
"R3","380R","R_0805_2012Metric_Pad1.20x1.40mm_HandSolder",122.936000,-134.366000,90.000000,bottom
"R4","100R","R_0805_2012Metric_Pad1.20x1.40mm_HandSolder",181.626000,-127.000000,0.000000,bottom
"R5","10R","R_0805_2012Metric_Pad1.20x1.40mm_HandSolder",196.596000,-155.178000,-90.000000,bottom
"R6","10R","R_0805_2012Metric_Pad1.20x1.40mm_HandSolder",184.658000,-155.194000,-90.000000,bottom
"R7","1K2","R_0805_2012Metric_Pad1.20x1.40mm_HandSolder",196.596000,-164.338000,-90.000000,bottom
"R8","1K2","R_0805_2012Metric_Pad1.20x1.40mm_HandSolder",184.658000,-164.338000,-90.000000,bottom
"U2","TXB0104DR","SOIC-14_3.9x8.7mm_P1.27mm",167.800000,-120.575000,0.000000,bottom
"U3","LM386","SOIC-8_3.9x4.9mm_P1.27mm",190.500000,-157.988000,0.000000,bottom
"U4","LM386","SOIC-8_3.9x4.9mm_P1.27mm",178.562000,-157.988000,0.000000,bottom
"BUZZ1","10K","Potentiometer_Piher_PT-6-V_Vertical",181.000000,-144.500000,90.000000,top
"BZ1","Buzzer","Buzzer_12x9.5RM7.6",188.204000,-132.080000,180.000000,top
"C6","10uF","C_0805_2012Metric_Pad1.18x1.45mm_HandSolder",178.540500,-164.338000,180.000000,top
"C9","220uF","CP_Elec_6.3x7.7",190.500000,-150.622000,180.000000,top
"C10","10uF","C_0805_2012Metric_Pad1.18x1.45mm_HandSolder",190.500000,-164.338000,180.000000,top
"C12","220uF","CP_Elec_6.3x7.7",178.562000,-150.622000,180.000000,top
"D1","LPWR","LED_D3.0mm",132.080000,-109.474000,180.000000,top
"D2","LAMP","LED_D3.0mm",139.700000,-122.682000,180.000000,top
"D3","LBUZZ","LED_D3.0mm",146.050000,-122.682000,180.000000,top
"D4","LDATA","LED_D3.0mm",152.400000,-122.682000,180.000000,top
"J1","DCDC_PWR","BarrelJack_Horizontal",132.746000,-119.380000,0.000000,top
"J2","L+R","PinHeader_1x02_P2.54mm_Vertical",157.480000,-120.904000,0.000000,top
"J3","REM","SAMESKY_MJ1-2503A",156.464000,-112.247500,180.000000,top
"J4","Audio_OUT","Audio Jack 3.5 PCB",144.402000,-104.084000,0.000000,top
"J5","LCDOLED","PinHeader_1x04_P2.54mm_Vertical",164.000000,-109.250000,90.000000,top
"SW1","RST_A5","SW_Slide_SPDT_Angled_CK_OS102011MA1Q",198.660000,-146.018000,90.000000,top
"SW2","UP","SW_PUSH_6mm",129.000000,-170.000000,0.000000,top
"SW3","DOWN","SW_PUSH_6mm",140.000000,-170.000000,0.000000,top
"SW4","PLAY/PAUSE","SW_PUSH_6mm",151.000000,-170.000000,0.000000,top
"SW5","STOP","SW_PUSH_6mm",162.000000,-170.000000,0.000000,top
"SW6","MENU","SW_PUSH_6mm",173.000000,-170.000000,0.000000,top
"SW7","RST_A5","SW_PUSH_6mm",184.000000,-170.000000,0.000000,top
"SW8","AMPONOFF","SW_CK_JS202011AQN_DPDT_Angled",196.598000,-121.586000,90.000000,top
"SW9","BUZZER","SW_Slide_SPDT_Angled_CK_OS102011MA1Q",198.628000,-133.100000,90.000000,top
"U1","Arduino_Mega2560Pro_Embed","Arduino_Mega2560Pro_Embed",145.000000,-147.000000,0.000000,top
"U5","microSD","microSD_HC_Hirose_DM3AT-SF-PEJM5",184.500000,-115.000000,180.000000,top
"VOL1","10K","Potentiometer_Piher_PT-6-V_Vertical",192.995000,-144.446000,90.000000,top
