"Id";"Designator";"Package";"Quantity";"Designation";"Supplier and ref";
1;"SW7";"SW_CuK_OS102011MA1QN1_SPDT_Angled";1;"RST_A5";;;
2;"SW8";"SW_CuK_OS102011MA1QN1_SPDT_Angled";1;"BUZZER";;;
3;"U1";"Arduino_Mega2560Pro_Embed";1;"Arduino_Mega2560Pro_Embed";;;
4;"J6";"PinHeader_2x03_P2.54mm_Horizontal";1;"ICSP";;;
5;"SW12";"SW_DIP_SPSTx04_Piano_10.8x11.72mm_W7.62mm_P2.54mm";1;"LR_REM_SEL";;;
6;"U3";"SD_Card";1;"SD_Card";;;
7;"R11,R14";"R_1206_3216Metric_Pad1.42x1.75mm_HandSolder";2;"10R";;;
8;"C8,C13,C1";"C_1206_3216Metric_Pad1.42x1.75mm_HandSolder";3;"100nF";;;
9;"R17,R16,R15,R8";"R_1206_3216Metric_Pad1.42x1.75mm_HandSolder";4;"220R";;;
10;"R13,R10";"R_1206_3216Metric_Pad1.42x1.75mm_HandSolder";2;"1K";;;
11;"R12,R9";"R_1206_3216Metric_Pad1.42x1.75mm_HandSolder";2;"1K2";;;
12;"R6,R4,R2";"R_1206_3216Metric_Pad1.42x1.75mm_HandSolder";3;"3K3";;;
13;"R5,R3,R1";"R_1206_3216Metric_Pad1.42x1.75mm_HandSolder";3;"1K8";;;
14;"C12,C6";"C_1206_3216Metric_Pad1.42x1.75mm_HandSolder";2;"47nF";;;
15;"C11,C5";"C_1206_3216Metric_Pad1.42x1.75mm_HandSolder";2;"10uF";;;
16;"C9,C3";"C_1206_3216Metric_Pad1.42x1.75mm_HandSolder";2;"10nf";;;
17;"C7,C2";"C_1206_3216Metric_Pad1.42x1.75mm_HandSolder";2;"100nf";;;
18;"D4";"LED_D3.0mm";1;"AMPB";;;
19;"SW1";"SW_PUSH_6mm";1;"UP";;;
20;"SW9";"SW_CuK_JS202011AQN_DPDT_Angled";1;"AMP_ON_OFF";;;
21;"SW6";"SW_PUSH_6mm";1;"RST_A5";;;
22;"SW5";"SW_PUSH_6mm";1;"MENU";;;
23;"SW4";"SW_PUSH_6mm";1;"STOP";;;
24;"SW3";"SW_PUSH_6mm";1;"PLAY/PAUSE";;;
25;"SW2";"SW_PUSH_6mm";1;"DOWN";;;
26;"J2";"Jack_2.5mm_Mono_Horizontal_Mini";1;"Remote2";;;
27;"D5";"LED_D3.0mm";1;"BUZY";;;
28;"D3";"LED_D3.0mm";1;"AMPY";;;
29;"J4";"PinHeader_2x09_P2.54mm_Vertical";1;"GAIN_SEL";;;
30;"J8";"Audio Jack 3.5 PCB";1;"Remote";;;
31;"J5";"PinHeader_1x04_P2.54mm_Horizontal_2";1;"LED_OLED";;;
32;"J7";"Audio Jack 3.5 PCB";1;"Audio_OUT";;;
33;"SW11";"SW_DIP_SPSTx04_Slide_9.78x12.34mm_W7.62mm_P2.54mm";1;"SEL_SCL_SDA";;;
34;"C10,C4";"CP_Elec_6.3x7.7";2;"220uF";;;
35;"U5,U4";"DIP-8_W7.62mm_LongPads";2;"LM386";;;
36;"POT_BUZ1,POT_VOL1";"Potentiometer_Piher_PT-6-V_Vertical";2;"10K";;;
37;"BZ1";"Buzzer_12x9.5RM7.6";1;"Buzzer";;;
38;"HOLE2,HOLE1,HOLE3,HOLE4";"MountingHole_3.2mm_M3_Pad_Via";4;"MountingHole_3.2mm_M3_Pad_Via";;;
39;"SW10";"SW_DIP_SPSTx04_Slide_9.78x12.34mm_W7.62mm_P2.54mm";1;"SEL_5V_GND";;;
40;"D2";"LED_D3.0mm";1;"5VR";;;
